alias shweta Shweta Agarwal <shweta.agarwal@citrix.com>
alias ram Ram Chinta <ram.chinta@citrix.com>
alias praveen Praveen Buravilli <praveen.buravilli@citrix.com>
alias sushmita Sushmitha <susmitha.balusu@navayuga.com>
alias gmail Prasanna Santhanam <srivatsav.prasanna@gmail.com>
alias apache Prasanna Santhanam <tsp@apache.org>
alias vaibhav Vaibhav Gupta <vaibhav.gupta@citrix.com>
alias nitin Nitin Mehta <nitin.mehta@citrix.com>
alias wing Wing <the_wing_iiith@googlegroups.com>
alias ahmad Ahmad Emneina <ahmad.emneina@citrix.com>
alias will Will Chan <will.chan@citrix.com>
alias kishan Kishan Kavala <kishan.kavala@citrix.com>
alias manish Manish Agarwal <manish.agarwal@citrix.com>
alias chandan Chandan Krishna Reddy <chandan.purushothama@citrix.com>
alias kevin Kevin Kluge <kevin.kluge@citrix.com>
alias jessica Jessica Wang <jessica.wang@citrix.com>
alias sumita Sumita Gorla <sumita.gorla@citrix.com>
alias angie Angie Shen <angeline.shen@citrix.com>
alias prachi Prachi Damle <prachi.damle@citrix.com>
alias frank frank <frank.zhang@citrix.com>
alias david David Getzler <david.getzler@citrix.com>
alias abhishek Abhishek Joshi <abhishek.joshi@citrix.com>
alias kelven Kelven Yang <kelven.yang@citrix.com>
alias sheng Sheng Liang <sheng.liang@citrix.com>
alias alex Alex Huang <alex.huang@citrix.com>
alias chiradeep Chiradeep Vittal <chiradeep.vittal@citrix.com>
alias mike Mike Simos <michael.simos@citrix.com>
alias idc "IDC Engineering" <idc-engg@cloud.com>
alias alena Alena Prokharchyk <alena.prokharchyk@citrix.com>
alias sica Sankalp Mulye <sankalp.mulye@gmail.com>
alias akshat Chitra <kcraj2000@yahoo.com>
alias anita Anita <anitha.iitm@gmail.com>
alias aparna Aparna <aparnarolfe@gmail.com>
alias chitra Chitra <rs@mbu.iisc.ernet.in>
alias dad Dad <thirukalam@gmail.com>
alias pavan Pavan <paaone@yahoo.com>
alias ravi Ravikiran <ravikiran.kanda@gmail.com>
alias sandhya Sandhya <ys.sandhya@gmail.com>
alias shruthi Shruthi <shruthi.jayaram.85@gmail.com>
alias srujana Srujana <tssrujana@gmail.com>
alias venkat Raghavan <raaga1@gmail.com>
alias yamini Yamini <yamini.sridharan@gmail.com>
alias vije Preethi <twiilightstar@gmail.com>
alias sica Sankalp <sankalp.mulye@gmail.com>
alias badri Badri <badrinath.s@gmail.com>
alias jimmy Jimmy <jimmy.narang@gmail.com>
alias supreeth Supreeth <supreeth.achar@gmail.com>
alias ranjai Ranjai <ranban282@gmail.com>
alias sudarshana Sudarshana <sudarshana.bharadwaj@gmail.com>
alias sriram Sriram <sriram105@gmail.com>
alias arun Arun Balakrishnan <7arunb@iimahd.ernet.in>
alias suchitra Suchitra <nairsuchitra@gmail.com>
alias marathe Prof Marathe <sudsems@vsnl.com>
alias swetha Swetha <sbodanapu@capitaliq.co.in>
alias kv Kalyan Vasanth <kalyanvasanth@gmail.com>
alias priya Padma Priya <padmapriya86@gmail.com>
alias bajpai Bajpai <vaibhavwithlove@gmail.com>
alias mythili Mythili <mythili.pragada@gmail.com>
alias wing \"The Wing, IIIT-H\" <the_wing_iiith@googlegroups.com>
alias suresh \"Suresh T S (Pune)\" <stsampat@sail-bhilaisteel.com>
alias yahui ????????? <yahuiwong@hotmail.com>
alias hobbit Nishant Shobhit <nishant.shobhit@gmail.com>
alias office Prasanna Santhanam <prasanna.santhanam@citrix.com>
alias prashant Prashant Reddy <prashant@pramati.com>
alias rajmohan \"Dr. Rajmohan\" <rajmohan.kalyan@gmail.com>
alias cheeram Sriram Santhanagopalan <sgs_74@yahoo.com>
alias varun \"Varun B.\" <boppanavarun@gmail.com>
alias anand Anand <anand.me@gmail.com>
alias anjana Anjana <b.anjana@gmail.com>
alias keshav Keshav <keshav.r@gmail.com>
alias vaishnevi \"Vaishnevi S.\" <vaishnevis@gmail.com>
alias harry \"Ankur (Harry) Jaiswal\" <jaiswal.ankur.iiit@gmail.com>
alias sashidhar Sashidhar Guntury <sashidhar.moony@gmail.com>
alias rakesh \"Rakesh (Dude) Guttikonda\" <rakesh88iit@gmail.com>
alias sushil Sushil Raj Joshi <sushraj37@gmail.com>
alias turbo Sandeep Kumar <turbo@google.com>
alias jame Jame Valet <jamematrix@gmail.com>
alias nimi Nimmy Antony <nimmy8888@gmail.com>
alias deepti Deepti G <deeptigp9@gmail.com>
alias antony Juno Antony <junohcu@gmail.com>
alias nair Sandhya Sachidanandan <sandhya.sachidanandan@gmail.com>
alias minesh Minesh Mathew <minesh.mathew@gmail.com>
alias suman Suman <suman.chalana@gmail.com>
alias shabnam \"Ms. Shabnam\" <shabs.june@gmail.com>
alias anitha Anitha <anitha.iitm@gmail.com>
alias rajathi Rajathi <rajashree89@gmail.com>
alias qa "QA Team" <qa@cloud.com>
alias abhi Abhinandan Prateek <abhinandan.prateek@citrix.com>
alias dev-support Dev Support <dev-support@citrix.com>
alias sadhu Suresh Sadhu <suresh.sadhu@citrix.com>
alias engineering "Cloud Engineering" <engineering@cloud.com>
alias kirk Kirk Kosinski <kirk.kosinski@citrix.com>
alias sangeetha Sangeetha Hariharan <sangeetha.hariharan@citrix.com>
alias joanne Nerissa Joanne D\'Souza <nerissajoanne@gmail.com>
alias jeevan Jeevan Kumar <jeevan.kumar@citrix.com>
alias sanjay Sanjay Karakoti <sanjay.karakoti@citrix.com>
alias yasker Sheng Yang <sheng.yang@citrix.com>
alias mark Mark Joseph <Mark.Joseph@citrix.com>
alias anthony Anthony Xu <Xuefei.Xu@citrix.com>
alias arthur Arthur Michael <Arthur.Michael@citrix.com>
alias sabitha Sabitha Thomas <Sabitha.Thomas@citrix.com>
alias supportteam "Support Team" <supportteam@cloud.com>
alias woolsey Christopher Woolsey <Christopher.Woolsey@citrix.com>
alias murali Murali Mohan Reddy <murali.mohanreddy@citrix.com>
alias edison Edison Su <Edison.su@citrix.com>
alias jana Janardhana Reddy Naredula <janardhan.reddynaredula@citrix.com>
alias somesh Somesh Naidu <Somesh.Naidu@citrix.com>
alias tomcat Jessica Tomechak <Jessica.Tomechak@citrix.com>
alias akash Akash Deep <akash.iiit@gmail.com>
alias handa Ankur Handa <handa.ankur@gmail.com>
alias nilesh Nilesh Vishwakarma <Nilesh.Vishwakarma@citrix.com>
alias prashanth Prashanth Reddy Mandadi <prashanthreddy.mandadi@citrix.com>
alias nalley David Nalley <david.nalley@citrix.com>
alias bala Balachander Gopalan <Balachander.Gopalan@citrix.com>
alias rocky Rochelle Grober <rochelle.grober@citrix.com>
alias sudheela \"Sudheela Jayaprakash (3P)\" <sudheela.jayaprakash@citrix.com>
alias rashmi Rashmi Kulkarni <rashmi.kulkarni@citrix.com>
alias richard Richard Kwan <richard.kwan@citrix.com>
alias yash Yashaswini Hiran <yashaswini.hiran@gmail.com>
alias jude Judith Boden <jude699@googlemail.com>
alias chirag \"Chirag Jog (CTO, Clogeny)\" <chirag@clogeny.com>
alias swamy Venkata SwamyBabu <venkataswamybabu.budumuru@citrix.com>
alias srini Srinivas Vejalla <srinivas.vejalla@citrix.com>
alias sam Sam Robertson <Sam.Robertson@citrix.com>
alias ewan Ewan Mellor <Ewan.Mellor@eu.citrix.com>
alias deepak Deepak Garg <deepak.garg@citrix.com>
alias sateesh Sateesh Chodapuneedi <sateesh.chodapuneedi@citrix.com>
alias blr BLR <\#Cloud-CloudStackBLR@citrite.net>
alias hyd HYD <\#Cloud-CloudStack-HYD@citrite.net>
alias madan Madan Ganesh Velayudham <MadanGanesh.Velayudham@citrix.com>
alias anupa Anupa Kamath <anupa.kamath@citrix.com>
alias sanjeev Sanjeev Neelarapu <sanjeev.neelarapu@citrix.com>
alias vani Vani Sharma <Vani.Sharma@citrix.com>
alias brinda Brinda Sreedhar <brinda.sreedhar@citrix.com>
alias devdeep Devdeep Singh <devdeep.singh@citrix.com>
alias vijay Vijaykumar Natarajan <vijay.natarajan@citrix.com>
alias talluri Srikanteswararao Talluri <srikanteswararao.talluri@citrix.com>
alias facilities Sudha Adam Polabatina <SudhaAdam.Polabatina@citrix.com>, "Bidisha Mohanty (3P)" <bidisha.mohanty@citrix.com>
alias shubha Shubha Ramnath <Shubha.Ramnath@citrix.com>
alias ashutosh Ashutosh Kelkar <ashutosh@clogeny.com>
alias sudha Sudha Ponnaganti <sudha.ponnaganti@citrix.com>
alias sailaja Sailaja Mada <sailaja.mada@citrix.com>
alias sowmya Sowmya Krishnan <sowmya.krishnan@citrix.com>
alias salvatore Salvatore Orlando <Salvatore.Orlando@eu.citrix.com>
alias pradeep Pradeep Soundararajan <pradeep.soundararajan@citrix.com>
alias saksham Saksham Srivastava <Saksham.Srivastava@citrix.com>
alias asf-dev CloudStack Dev <cloudstack-dev@incubator.apache.org>
alias asf-user CloudStack Users <cloudstack-users@incubator.apache.org>
alias abhinav Abhinav Roy <abhinav.roy@citrix.com>
alias rajesh Rajesh Battala <rajesh.battala@citrix.com>
alias amit Amit Shah <amit.shah@citrix.com>
alias haroon Haroon Abdelrahman <haroon.abdelrahman@citrix.com>
alias karthik Karthik Santhanam <Karthik.Santhanam@citrix.com>
alias jayapal Jayapal Reddy Uradi <jayapalreddy.uradi@citrix.com>
alias usha Usha Gopinath <Usha.Gopinath@citrix.com>
alias radhika Radhika Puthiyetath <radhika.puthiyetath@citrix.com>
alias koushik Koushik Das <koushik.das@citrix.com>
alias likitha Likitha Shetty <likitha.shetty@citrix.com>
alias ramg Ram Ganesh <Ram.Ganesh@citrix.com>
alias rohit Rohit Yadav <rohit.yadav@citrix.com>
alias doug Doug Clark <doug.clark@citrix.com>
alias anshul Anshul Gangwar <anshul.gangwar@citrix.com>
alias mishra Prashant Kumar Mishra <prashantkumar.mishra@citrix.com>
alias rayees Rayees Namathponnan <rayees.namathponnan@citrix.com>
alias shalom Shalom Bhooshi <shalom.bhooshi@citrix.com>
alias thomas Thomas Ravi <Thomas.Ravi@citrix.com>
alias min Min Chen <min.chen@citrix.com>
alias pranav Pranav Saxena <pranav.saxena@citrix.com>
alias ramya Ramyasree Rao <Ramyasree.Rao@citrix.com>
alias joe Joe Brockmeier <joe.brockmeier@citrix.com>
alias karen Karen Vuong <karen.vuong@citrix.com>
